ID,Nombre,Región,Provincia,Comuna,Edad,Instrumentos,Link,Lugar específico,Instructores,Elenco, 
FOJI_A001,Camerata De Cuerdas Arcos De San Ignacio,Región de Ñuble,Provincia de Diguillín,San Ignacio,Juvenil - Infantil,,https://www.instagram.com/accounts/edit/?hl=es-la,"Región de Ñuble - Provincia de Diguillín - San Ignacio , San Ignacio, Sector Pueblo Seco",4,12, 
FOJI_A002,Camerata de Cuerdas Los Andes,Región de Valparaíso,Provincia de Los Andes,Los Andes,Juvenil - Infantil,, ,"Región de Valparaíso - Provincia de Los Andes - Los Andes , Valparaíso",,, 
FOJI_A003,Camerata del Maipo,Región Metropolitana,Provincia de Maipo,Paine,Juvenil,, ,"Región Metropolitana - Provincia de Maipo - Paine , Santiago",,, 
FOJI_A004,Camerata Osorno,Región de los Lagos,Provincia de Osorno,Osorno,Juvenil,Cuerdas, ,Región de los Lagos - Provincia de Osorno - Osorno, ,13, 
FOJI_A005,Colegio madre Cecilia Lazzeri,Región Metropolitana,Provincia de Santiago,La Cisterna,Juvenil - Infantil,"Cuerdas, Maderas, Percusión", ,"Región Metropolitana - Provincia de Santiago - La Cisterna , Santiago", , , 
FOJI_A006,Colegio Sagrada Familia,Región de Aisén del Gral. Carlos Ibáñez del Campo,Provincia de Aisén,Aisén,Infantil,, ,"Región de Aisén del Gral. Carlos Ibáñez del Campo - Provincia de Aisén - Aisén , Puerto Aysén",1,20, 
FOJI_A007,Ensamble de Cuerdas Frotadas de la Escuela Popular de Arte,Región de Valparaíso,Provincia de Valparaíso,Viña del Mar,Juvenil - Infantil,, ,"Región de Valparaíso - Provincia de Valparaíso - Viña del Mar , Viña de Mar", , , 
FOJI_A008,Ensamble de Viento y Percusión Los Andes,Región de Valparaíso,Provincia de Los Andes,Los Andes,Juvenil - Infantil,, ,"Región de Valparaíso - Provincia de Los Andes - Los Andes , Valparaíso", , , 
FOJI_A009,Ensamble de Viento y Percusión Til Til,Región Metropolitana,Provincia de Chacabuco,Tiltil,Juvenil - Infantil,, ,"Región Metropolitana - Provincia de Chacabuco - Tiltil , santiago", , , 
FOJI_A010,Ensamble escolar Gabriela Mistral,Región de Valparaíso,Provincia de Marga Marga,Quilpué,Infantil,, ,Región de Valparaíso - Provincia de Marga Marga - Quilpué, , , 
FOJI_A011,Ensamble Sinfónico del Liceo Bicentenario de Excelencia People Help People de Pullinque,Región de los Ríos,Provincia de Valdivia,Panguipulli,Juvenil - Infantil,, ,Región de los Ríos - Provincia de Valdivia - Panguipulli,4, , 
FOJI_A012,Ensemble UCSC,Región del Biobío,Provincia de Concepción,Concepción,Juvenil,"Cuerdas, Bronces, Percusión, latinoamericana", ,Región del Biobío - Provincia de Concepción - Concepción, , , 
FOJI_A013,Grupo Instrumental Infanto -Juvenil Scherzo De La Academia Tarapaca,Región de Tarapacá,Provincia de Iquique,Iquique,Juvenil - Infantil,, ,Región de Tarapacá - Provincia de Iquique - Iquique, , , 
FOJI_A014,Juan Pablo II escuela D 129 de antofagasta,Región de Antofagasta,Provincia de Antofagasta,Antofagasta,Juvenil,, ,"Región de Antofagasta - Provincia de Antofagasta - Antofagasta , antofagasta", , , 
FOJI_A015,Orquesta Patrimonial de Chonchi,Región de los Lagos,Provincia de Chiloé,Chonchi, Juvenil - Infantil,, ,Región de los Lagos - Provincia de Chiloé - Chonchi,4,25, 
FOJI_A016,Orquesta Academica Antofagasta,Región de Antofagasta,Provincia de Antofagasta,Antofagasta,Juvenil - Infantil,, ,"Región de Antofagasta - Provincia de Antofagasta - Antofagasta ,", , , 
FOJI_A017,Orquesta Accentus,Región Metropolitana,Provincia de Santiago,Providencia,Juvenil,"Cuerdas, Maderas, Bronces, Percusión", ,"Región Metropolitana - Provincia de Santiago - Providencia , Santiago", , , 
FOJI_A018,Orquesta Armonía Juvenil de Coronel,Región del Biobío,Provincia de Concepción,Coronel,Juvenil - Infantil,, ,"Región del Biobío - Provincia de Concepción - Coronel , Concepción",2,14, 
FOJI_A019,Orquesta Ayekafe,Región del Biobío,Provincia de Arauco,Arauco,Juvenil - Infantil,"Cuerdas, Percusión",https://www.instagram.com/orquesta.ayekafeoficial/,Región del Biobío - Provincia de Arauco - Arauco,1,, 
FOJI_A020,Orquesta Basica Latinoamericana Liceo de Música de Copiapó,Región de Atacama,Provincia de Copiapó,Copiapó,Juvenil,, , , , , 
FOJI_A021,Orquesta Borealis,Región Metropolitana,Provincia de Maipo,Buin,Juvenil - Infantil,, ,Región Metropolitana - Provincia de Maipo - Buin, , , 
FOJI_A022,Orquesta Cardenal Jose Maria Caro,Región Metropolitana,Provincia de Santiago,La Pintana,Juvenil - Infantil,,,"Región Metropolitana - Provincia de Santiago - La Pintana , Santiago",,33, 
FOJI_A023,Orquesta Clásica de Cabrero,Región del Biobío,Provincia de Biobío,Cabrero,Juvenil - Infantil,, ,"Región del Biobío - Provincia de Biobío - Cabrero , CABRERO", , , 
FOJI_A024,Orquesta Clásica Estudiantil de Curicó,Región del Maule,Provincia de Curicó,Curicó,Juvenil - Infantil,, ,Región del Maule - Provincia de Curicó - Curicó,2,20, 
FOJI_A025,Orquesta Clásica Juvenil de Laja,Región del Biobío,Provincia de Biobío,Laja,Juvenil,, ,Región del Biobío - Provincia de Biobío - Laja, , , 
FOJI_A026,Orquesta Clásica UCN,Región de Antofagasta,Provincia de Antofagasta,Antofagasta,Juvenil,, ,Región de Antofagasta - Provincia de Antofagasta - Antofagasta, , , 
FOJI_A027,Orquesta Colegio Altas Cumbres San Clemente,Región del Maule,Provincia de Talca,San Clemente,Infantil,, ,Región del Maule - Provincia de Talca - San Clemente,5,15, 
FOJI_A028,Orquesta Colegio Arturo Prat de Talagante,Región Metropolitana,Provincia de Talagante,Talagante,Juvenil - Infantil,, ,Región Metropolitana - Provincia de Talagante - Talagante,2,14, 
FOJI_A029,Orquesta Colegio Del Verbo Divino,Región Metropolitana,Provincia de Santiago,Las Condes,Juvenil - Infantil,, ,"Región Metropolitana - Provincia de Santiago - Las Condes , Santiago", , , 
FOJI_A030,Orquesta Colegio Domingo Santa Maria Puerto Montt,Región de los Lagos,Provincia de Llanquihue,Puerto Montt,Juvenil - Infantil,"Cuerdas, Maderas, Bronces, Percusión", ,Región de los Lagos - Provincia de Llanquihue - Puerto Montt,8,44, 
FOJI_A031,Orquesta Colegio Germania del Verbo Divino,Región de los Lagos,Provincia de Llanquihue,Puerto Varas,Infantil,, ,Región de los Lagos - Provincia de Llanquihue - Puerto Varas,3,25, 
FOJI_A032,Orquesta Colegio Humberstone,Región de Tarapacá,Provincia de Iquique,Iquique,Juvenil - Infantil,, ,Región de Tarapacá - Provincia de Iquique - Iquique, , , 
FOJI_A033,Orquesta Colegio Leonardo Da Vinci De Las Condes,Región Metropolitana,Provincia de Santiago,Las Condes,Juvenil - Infantil,, ,"Región Metropolitana - Provincia de Santiago - Las Condes , Santiago", , , 
FOJI_A034,Orquesta Colegio Monte Olivo (OCMO),Región Metropolitana,Provincia Cordillera,Puente Alto,Juvenil - Infantil,"Cuerdas, Maderas, Percusión, Latinoamericana", ,"Región Metropolitana - Provincia Cordillera - Puente Alto , Santiago",9,26, 
FOJI_A035,Orquesta Colegio Sagrado Corazón de Jesús de San Carlos,Región de Ñuble,Provincia de Punilla,San Carlos,Juvenil - Infantil,"Cuerdas, Maderas, Bronces, Percusión","https://www.facebook.com/profile.php?id=100064960385650 , https://catastro.foji.cl/orquesta/453/_.ocsc https://www.youtube.com/channel/UCt1r41d0PzqE7E5At1YHfvg",Región de Ñuble - Provincia de Punilla - San Carlos,7,48, 
FOJI_A036,Orquesta Colegio Santa Teresita Coelemu,Región de Ñuble,Provincia de Itata,Coelemu,Juvenil - Infantil,,https://www.instagram.com/orquesta_cst/,Región de Ñuble - Provincia de Itata - Coelemu, , , 
FOJI_A037,Orquesta Comunal de Hualqui,Región del Biobío,Provincia de Concepción,Hualqui,Juvenil - Infantil,, ,"Región del Biobío - Provincia de Concepción - Hualqui , Concepción", ,40, 
FOJI_A038,Orquesta Cuerdas del Sur de Coronel,Región del Biobío,Provincia de Concepción,Coronel,Juvenil - Infantil,, ,Región del Biobío - Provincia de Concepción - Coronel,4,17, 
FOJI_A039,Orquesta Dafne Zapata Rozas,Región de Ñuble,Provincia de Diguillín,Pemuco,Juvenil - Infantil,, ,Región de Ñuble - Provincia de Diguillín - Pemuco, ,25, 
FOJI_A040,Orquesta de Alumnos UANDES,Región Metropolitana,Provincia de Santiago,Las Condes,Juvenil,"Cuerdas, Maderas", ,"Región Metropolitana - Provincia de Santiago - Las Condes , Santiago", ,23, 
FOJI_A041,Orquesta de Bajos de Mena,Región Metropolitana,Provincia Cordillera,Puente Alto,Juvenil,, ,"Región Metropolitana - Provincia Cordillera - Puente Alto , Santiago", , , 
FOJI_A042,Orquesta De Camara Colegio Manuel Jose Irarrazaval,Región Metropolitana,Provincia de Santiago,Santiago,Infantil,, ,Región Metropolitana - Provincia de Santiago - Santiago, , , 
FOJI_A043,Orquesta de Camara Colegio Nuestra Señora de Andacollo,Región de Coquimbo,Provincia de Elqui,La Serena,Infantil,"Maderas, Bronces, Percusión, Latinoamericana",https://www.facebook.com/Prisma.Cultural.Serena,Región de Coquimbo - Provincia de Elqui - La Serena, , , 
FOJI_A044,Orquesta de Camara de la Corporación Cultural de Osorno,Región de los Lagos,Provincia de Osorno,Osorno,Juvenil,, ,Región de los Lagos - Provincia de Osorno - Osorno,1,9, 
FOJI_A045,Orquesta De Camara Juvenil De Caldera,Región de Atacama,Provincia de Copiapó,Caldera,Juvenil,"Cuerdas, Maderas, Bronces, Percusión, Latinoamericana", ,Región de Atacama - Provincia de Copiapó - Caldera,5,17, 
FOJI_A046,Orquesta De Camara Liceo Artistico Armando Carrera F-60 Antofagasta,Región de Antofagasta,Provincia de Antofagasta,Antofagasta,Juvenil,," https://www.facebook.com/AldeadelEncuentro/ , https://www.youtube.com/channel/UCo_JtsuFAvXmzMPAtqMXImA , https://www.instagram.com/aldeaencuentro/",Región de Antofagasta - Provincia de Antofagasta - Antofagasta, , , 
FOJI_A047,Orquesta de Cuerdas Calambanda,Región de Antofagasta,Provincia de Antofagasta,Antofagasta,Juvenil - Infantil,, ,"Región de Antofagasta - Provincia de Antofagasta - Antofagasta , Calama",4,14, 
FOJI_A048,Orquesta de Cuerdas Carlos Trupp Wanner,Región del Maule,Provincia de Talca,Talca,Juvenil - Infantil,, ,Región del Maule - Provincia de Talca - Talca,4,21, 
FOJI_A049,Orquesta De Cuerdas Colegio Emprender Osorno,Región de los Lagos,Provincia de Osorno,Osorno,Juvenil - Infantil,Cuerdas,https://www.facebook.com/orquestas.educa,Región de los Lagos - Provincia de Osorno - Osorno,4, , 
FOJI_A050,Orquesta de Cuerdas Colegio Henri Cetty de Molina,Región del Maule,Provincia de Curicó,Molina,Infantil,, ,Región del Maule - Provincia de Curicó - Molina,4,48, 
FOJI_A051,Orquesta de Cuerdas Colegio KALEM,Región de Aisén del Gral. Carlos Ibáñez del Campo,Provincia de Aisén,Aisén,Juvenil,, ,"Región de Aisén del Gral. Carlos Ibáñez del Campo - Provincia de Aisén - Aisén , Puerto Aysen", , , 
FOJI_A052,ORQUESTA DE CUERDAS COLEGIO SAN JOSE,Región de los Lagos,Provincia de Osorno,Osorno,Juvenil - Infantil,, ,Región de los Lagos - Provincia de Osorno - Osorno,3,14, 
FOJI_A053,Orquesta de Cuerdas Corporación Municipal de Viña del Mar,Región de Valparaíso,Provincia de Valparaíso,Viña del Mar,Juvenil - Infantil,, ,"Región de Valparaíso - Provincia de Valparaíso - Viña del Mar , Valparaíso",4,18, 
FOJI_A054,Orquesta de Cuerdas deCrescendo,Región de Valparaíso,Provincia de Valparaíso,Valparaíso,Juvenil,, ,"Región de Valparaíso - Provincia de Valparaíso - Valparaíso , Valparaiso", , , 
FOJI_A055,Orquesta de Cuerdas del Colegio Panal,Región de Valparaíso,Provincia de Marga Marga,Quilpué,Juvenil - Infantil,Cuerdas,"https://www.youtube.com/@colegiopanalquilpue4800 , https://www.instagram.com/orquesta.panal/",Región de Valparaíso - Provincia de Marga Marga - Quilpué,3,13, 
FOJI_A056,Orquesta de cuerdas del Colegio Santa Maria De Ovalle,Región de Coquimbo,Provincia de Limarí,Ovalle,Juvenil - Infantil,, ,Región de Coquimbo - Provincia de Limarí - Ovalle,4,19, 
FOJI_A057,Orquesta de Cuerdas Frotadas Escuela de Arte y Cultura Osorno,Región de los Lagos,Provincia de Osorno,Osorno,Infantil,Cuerdas,https://www.facebook.com/pages/Escuela-De-Arte-Y-Cultura-Osorno/1549749698421679,Región de los Lagos - Provincia de Osorno - Osorno,2,20, 
FOJI_A058,Orquesta De Cuerdas Infantil - Juvenil De Catemu,Región de Valparaíso,Provincia de San Felipe de Aconcagua,Catemu,Juvenil - Infantil,, ,Región de Valparaíso - Provincia de San Felipe de Aconcagua - Catemu,1,17, 
FOJI_A059,Orquesta de Cuerdas Las Conchillas,Región de los Lagos,Provincia de Llanquihue,Maullín,Juvenil - Infantil,, ,Región de los Lagos - Provincia de Llanquihue - Maullín,3,16, 
FOJI_A060,Orquesta De Cuerdas Liceo Chiloe,Región Metropolitana,Provincia Cordillera,Puente Alto,Infantil,, ,"Región Metropolitana - Provincia Cordillera - Puente Alto , Santiago",4,20, 
FOJI_A061,Orquesta De Cuerdas Liceo El Principal,Región Metropolitana,Provincia Cordillera,Pirque,Juvenil - Infantil,, ,"Región Metropolitana - Provincia Cordillera - Pirque , santiago", , , 
FOJI_A062,Orquesta de Cuerdas Municipal de Chiguayante,Región del Biobío,Provincia de Concepción,Chiguayante,Juvenil - Infantil,, ,"Región del Biobío - Provincia de Concepción - Chiguayante ,",5,34, 
FOJI_A063,Orquesta de Cuerdas Scuola Italiana La Serena,Región de Coquimbo,Provincia de Elqui,La Serena,Juvenil - Infantil,, ,Región de Coquimbo - Provincia de Elqui - La Serena, , , 
FOJI_A064,Orquesta de Cámara C.E.I.A,Región de Aisén del Gral. Carlos Ibáñez del Campo,Provincia de Coyhaique,Coihaique,Juvenil,Cuerdas,https://www.facebook.com/programa.tocandosuenos.9,"Región de Aisén del Gral. Carlos Ibáñez del Campo - Provincia de Coyhaique - Coihaique , Coyhaique",1,16, 
FOJI_A065,Orquesta de Cámara Colegio Alta Cordillera,Región de Arica y Parinacota,Provincia de Arica,Arica,Infantil,, ,Región de Arica y Parinacota - Provincia de Arica - Arica,3,23, 
FOJI_A066,Orquesta de Cámara de Graneros,Región del Libertador Gral. Bernando OHiggins,Provincia de Cachapoal,Graneros,Juvenil,"Cuerdas, Percusión", ,Región del Libertador Gral. Bernando OHiggins - Provincia de Cachapoal - Graneros,5,12, 
FOJI_A067,Orquesta de Cámara de la Escuela Nueva España,Región de los Ríos,Provincia de Valdivia,Los Lagos,Infantil,, ,Región de los Ríos - Provincia de Valdivia - Los Lagos,7,90, 
FOJI_A068,Orquesta de cámara de niños de Guayacán,Región de Coquimbo,Provincia de Elqui,Coquimbo,Juvenil - Infantil,, ,Región de Coquimbo - Provincia de Elqui - Coquimbo,7,29, 
FOJI_A069,Orquesta de Cámara del Colegio Leonardo da Vinci de Coquimbo,Región de Coquimbo,Provincia de Elqui,Coquimbo,Infantil,, ,Región de Coquimbo - Provincia de Elqui - Coquimbo,9,37, 
FOJI_A070,Orquesta de Cámara Estudiantil de Victoria,Región de la Araucanía,Provincia de Malleco,Victoria,Juvenil - Infantil,Cuerdas, https://www.instagram.com/orquesta.demvictoria/,Región de la Araucanía - Provincia de Malleco - Victoria,3,22, 
FOJI_A071,Orquesta de Cámara Infantil de Curacaví,Región Metropolitana,Provincia de Melipilla,Curacaví,Infantil,Cuerdas,"https://www.facebook.com/Orquesta-de-C%C3%A1mara-Infantil-de-Curacav%C3%AD-103159685244126/ , https://www.youtube.com/channel/UChZz2IjkonB7EIZYklSsWmw","Región Metropolitana - Provincia de Melipilla - Curacaví , Santiango",3,20, 
FOJI_A072,Orquesta de Cámara Liceo de Niñas de Rancagua,Región del Libertador Gral. Bernando OHiggins,Provincia de Cachapoal,Rancagua,Juvenil - Infantil,Cuerdas, ,Región del Libertador Gral. Bernando OHiggins - Provincia de Cachapoal - Rancagua,3,15, 
FOJI_A073,Orquesta de cámara Nazaret de la Florida,Región Metropolitana,Provincia de Santiago,Santiago,Juvenil - Infantil,, ,"Región Metropolitana - Provincia de Santiago - Santiago , SANTIAGO",6,39, 
FOJI_A074,Orquesta de Cámara Sofía Millaray Rivera Peña,Región del Biobío,Provincia de Concepción,Florida,Juvenil - Infantil,"Cuerdas, Maderas, Percusión", ,"Región del Biobío - Provincia de Concepción - Florida , CONCEPCION",7,43, 
FOJI_A075,Orquesta de Cámara Valle de la Luna,Región de Aisén del Gral. Carlos Ibáñez del Campo,Provincia de Coyhaique,Coihaique,Infantil,, ,"Región de Aisén del Gral. Carlos Ibáñez del Campo - Provincia de Coyhaique - Coihaique , Villa Ñirehuao, Coyhaique",2,7, 
FOJI_A076,"Orquesta de Cámara, Escuela Luis Martinez Gonzalez, Huepil.",Región del Biobío,Provincia de Biobío,Tucapel,Juvenil - Infantil,Cuerdas, ,Región del Biobío - Provincia de Biobío - Tucapel,2, , 
FOJI_A077,Orquesta de la Escuela de Música y las Artes Toki Rapa Nui,Región de Valparaíso,Provincia de Isla de Pascua,Isla de Pascua,Juvenil - Infantil,, ,Región de Valparaíso - Provincia de Isla de Pascua - Isla de Pascua, , , 
FOJI_A078,Orquesta de la Facultad de Medicina de la Universidad de Chile,Región Metropolitana,Provincia de Santiago,Independencia,Juvenil,, ,"Región Metropolitana - Provincia de Santiago - Independencia , Santiago", , , 
FOJI_A079,Orquesta de la Universidad San Sebastián - Concepción,Región del Biobío,Provincia de Concepción,Concepción,Juvenil,, ,Región del Biobío - Provincia de Concepción - Concepción,5,15, 
FOJI_A080,Orquesta de Niños Colegio Domingo Santa Maria de Vicuña,Región de Coquimbo,Provincia de Elqui,Vicuña,Infantil,, ,Región de Coquimbo - Provincia de Elqui - Vicuña,5,15, 
FOJI_A081,Orquesta De Niños Del Valle Del Elqui. Paihuano,Región de Coquimbo,Provincia de Elqui,La Serena,Juvenil - Infantil,,https://orquesta%20j/,"Región de Coquimbo - Provincia de Elqui - La Serena , Paihuano", , , 
FOJI_A082,Orquesta De Quintos Basicos Liceo de Música de Copiapó,Región de Atacama,Provincia de Copiapó,Copiapó,Infantil,, ,Región de Atacama - Provincia de Copiapó - Copiapó, , , 
FOJI_A083,Orquesta De Sextos Basicos Liceo de Música de Copiapó,Región de Atacama,Provincia de Copiapó,Copiapó,Infantil,,https://k/,Región de Atacama - Provincia de Copiapó - Copiapó, , , 
FOJI_A084,Orquesta de Vientos de la Comuna de Navidad,Región del Libertador Gral. Bernando OHiggins,Provincia Cardenal Caro,Navidad,Infantil,, ,Región del Libertador Gral. Bernando OHiggins - Provincia Cardenal Caro - Navidad,6,12, 
FOJI_A085,ORQUESTA DEL COLEGIO DIEGO PORTALES,Región de Tarapacá,Provincia de Iquique,Iquique,Juvenil - Infantil,, ,"Región de Tarapacá - Provincia de Iquique - Iquique , Alto Hospicio", , , 
FOJI_A086,orquesta del servicio local de educación pública costa araucanía Carahue,Región de la Araucanía,Provincia de Cautín,Carahue,Juvenil - Infantil,, ,Región de la Araucanía - Provincia de Cautín - Carahue,1, , 
FOJI_A087,Orquesta Enrique Soro,Región Metropolitana,Provincia de Santiago,Quilicura,Juvenil - Infantil,, ,"Región Metropolitana - Provincia de Santiago - Quilicura , Santiago",7,18, 
FOJI_A088,Orquesta Entremontañas,Región de los Ríos,Provincia de Valdivia,Panguipulli,Juvenil - Infantil,, ,"Región de los Ríos - Provincia de Valdivia - Panguipulli , Neltume",2,26, 
FOJI_A089,Orquesta Escolar Alborada,Región del Biobío,Provincia de Concepción,Penco,Infantil,,https://orquestajuvenilnunoa/,"Región del Biobío - Provincia de Concepción - Penco , Concepcion",4,18, 
FOJI_A090,Orquesta Escolar Comunal de Buín,Región Metropolitana,Provincia de Maipo,Buin,Juvenil - Infantil,Cuerdas,https://www.instagram.com/efacbuin/,Región Metropolitana - Provincia de Maipo - Buin , , , 
FOJI_A091,Orquesta Escolar de Música Antigua,Región de Coquimbo,Provincia de Elqui,Coquimbo,Juvenil - Infantil,Cuerdas,"https://www.facebook.com/fundacionvillanueva/ , https://www.youtube.com/channel/UC6z_Ilhq-YegbvfxgtgMWZQ https://www.instagram.com/fundacion_villanueva/","Región de Coquimbo - Provincia de Elqui - Coquimbo , La Serena",1, , 
FOJI_A092,Orquesta Escuela básica Namuncura,Región Metropolitana,Provincia de Santiago,Renca,Infantil,Cuerdas, ,"Región Metropolitana - Provincia de Santiago - Renca , Santiago", ,4, 
FOJI_A093,Orquesta Escuela Futaleufú,Región de los Lagos,Provincia de Palena,Futaleufú,Infantil,, ,Región de los Lagos - Provincia de Palena - Futaleufú, , , 
FOJI_A094,Orquesta Escuela Mirasol,Región de los Lagos,Provincia de Llanquihue,Puerto Montt,Infantil,, ,Región de los Lagos - Provincia de Llanquihue - Puerto Montt,5,26, 
FOJI_A095,Orquesta Escuela Tucapel,Región de Arica y Parinacota,Provincia de Arica,Arica,Infantil,, ,Región de Arica y Parinacota - Provincia de Arica - Arica,3,27, 
FOJI_A096,Orquesta Estudiantil Colegio Espíritu Santo de Talcahuano,Región del Biobío,Provincia de Concepción,Talcahuano,Juvenil - Infantil,, ,Región del Biobío - Provincia de Concepción - Talcahuano,7,16, 
FOJI_A097,Orquesta Estudiantil de la Universidad Técnica Federico Santa María,Región de Valparaíso,Provincia de Valparaíso,Valparaíso,Juvenil,, ,Región de Valparaíso - Provincia de Valparaíso - Valparaíso,11,73, 
FOJI_A098,Orquesta Estudiantil de Lebu,Región del Biobío,Provincia de Arauco,Lebu,Juvenil - Infantil,, ,Región del Biobío - Provincia de Arauco - Lebu,14,27, 
FOJI_A099,Orquesta Estudiantil de Linares,Región del Maule,Provincia de Linares,Linares,Juvenil - Infantil,, ,Región del Maule - Provincia de Linares - Linares,5,20, 
FOJI_A100,Orquesta Estudiantil de Maipú CODEDUC,Región Metropolitana,Provincia de Santiago,Maipú,Juvenil - Infantil,, ,"Región Metropolitana - Provincia de Santiago - Maipú , Santiago",12,39, 
FOJI_A101,Orquesta estudiantil de Maipú CODEDUC,Región Metropolitana,Provincia de Santiago,Maipú,Juvenil - Infantil,"Cuerdas, Maderas, Bronces, Percusión, Latinoamericana", ,"Región Metropolitana - Provincia de Santiago - Maipú , Santiago",9,22, 
FOJI_A102,Orquesta Estudiantil De Santiago,Región Metropolitana,Provincia de Santiago,Santiago,Juvenil - Infantil,, ,Región Metropolitana - Provincia de Santiago - Santiago,11,65, 
FOJI_A103,Orquesta Estudiantil del Colegio Menesiano de Culiprán,Región Metropolitana,Provincia de Melipilla,Melipilla,Infantil,"Cuerdas, Maderas, Percusión", ,"Región Metropolitana - Provincia de Melipilla - Melipilla , Santiago",2,16, 
FOJI_A104,Orquesta Femenina Instituto Santa Marta Curicó,Región del Maule,Provincia de Curicó,Curicó,Infantil,"Cuerdas, Maderas, Bronces, Percusión","https://www.youtube.com/channel/UCnf2M8phBikTCq0ovAns0ww , https://www.instagram.com/orq_inst_santa_marta_curico/",Región del Maule - Provincia de Curicó - Curicó,5,45, 
FOJI_A105,Orquesta Filarmonica Colegio Habit-Art,Región de la Araucanía,Provincia de Cautín,Temuco,Juvenil - Infantil,, ,Región de la Araucanía - Provincia de Cautín - Temuco, , , 
FOJI_A106,Orquesta Filarmonica Infantil - Juvenil Alto Hospicio,Región de Tarapacá,Provincia de Iquique,Alto Hospicio,Juvenil - Infantil,,https://www.facebook.com/orquestadecamara.eda.5,Región de Tarapacá - Provincia de Iquique - Alto Hospicio, , , 
FOJI_A107,Orquesta Filarmonica Infantil-Juvenil De La Corporacion Municipal De Colina,Región Metropolitana,Provincia de Chacabuco,Colina,Juvenil - Infantil,," https://es-la.facebook.com/LiceoTPN/ , https://www.youtube.com/channel/UCGsinF9Zyhd06yqRoXW6jBQ","Región Metropolitana - Provincia de Chacabuco - Colina , Santiago", , , 
FOJI_A108,Orquesta Filarmonica Juvenil De La Antena,Región de Coquimbo,Provincia de Elqui,La Serena,Juvenil,, ,Región de Coquimbo - Provincia de Elqui - La Serena, , , 
FOJI_A109,Orquesta Filarmonica Juvenil Escuela Experimental De Musica Jorge Peña Hen,Región de Coquimbo,Provincia de Elqui,La Serena,Juvenil - Infantil,"Cuerdas, Maderas, Bronces, Percusión","https://catastro.foji.cl/orquesta/220/@orquestasinf%C3%B3nicajuveniljorgepe%C3%B1ahen , https://catastro.foji.cl/orquesta/220/@orquestasinfonicajuvenil.j.p.h",Región de Coquimbo - Provincia de Elqui - La Serena, , , 
FOJI_A110,Orquesta Filarmonica Municipal de Chonchi,Región de los Lagos,Provincia de Chiloé,Chonchi,Juvenil - Infantil,,,Región de los Lagos - Provincia de Chiloé - Chonchi,6,70, 
FOJI_A111,ORQUESTA FILARMÓNICA MANQUEMÁVIDA,Región del Libertador Gral. Bernando OHiggins,Provincia de Colchagua,Santa Cruz,Infantil,"Cuerdas, Maderas, Bronces","https://catastro.foji.cl/orquesta/525/OFIM.SC , https://catastro.foji.cl/orquesta/525/OFIM.SC",Región del Libertador Gral. Bernando OHiggins - Provincia de Colchagua - Santa Cruz,2,16, 
FOJI_A112,Orquesta Filarmónica Municipal de Curacaví,Región Metropolitana,Provincia de Melipilla,Curacaví,Juvenil - Infantil,, ,Región Metropolitana - Provincia de Melipilla - Curacaví,8,38, 
FOJI_A113,Orquesta Franciscana Santa Maria De Belen,Región de Coquimbo,Provincia de Elqui,Coquimbo,Juvenil - Infantil,, ,Región de Coquimbo - Provincia de Elqui - Coquimbo, , , 
FOJI_A114,ORQUESTA INF. JUV. CURANILAHUE,Región del Biobío,Provincia de Arauco,Curanilahue,Juvenil - Infantil,, ,"Región del Biobío - Provincia de Arauco - Curanilahue , CURANILAHUE",14,96, 
FOJI_A115,Orquesta Infantil - Juvenil Aprender,Región Metropolitana,Provincia de Santiago,La Pintana,Juvenil - Infantil,, ,"Región Metropolitana - Provincia de Santiago - La Pintana , Santiago",4,15, 
FOJI_A116,Orquesta Infantil - Juvenil Colegio Cardenal Carlos Oviedo Cavada,Región Metropolitana,Provincia de Santiago,Maipú,Juvenil - Infantil,, ,"Región Metropolitana - Provincia de Santiago - Maipú , Santiago",7,54, 
FOJI_A117,Orquesta Infantil - Juvenil Colegio Juan Francisco Fresno,Región Metropolitana,Provincia Cordillera,Puente Alto,Juvenil - Infantil,, ,"Región Metropolitana - Provincia Cordillera - Puente Alto , Santiago",7,14, 
FOJI_A118,Orquesta Infantil - Juvenil Colegio San Luis,Región de Antofagasta,Provincia de Antofagasta,Antofagasta,Juvenil - Infantil,, https://facebook.com/jptest,Región de Antofagasta - Provincia de Antofagasta - Antofagasta, , , 
FOJI_A119,Orquesta Infantil - Juvenil de Curico,Región del Maule,Provincia de Curicó,Curicó,Juvenil - Infantil,,https://www.facebook.com/programa.tocandosuenos.9,Región del Maule - Provincia de Curicó - Curicó,4,25, 
FOJI_A120,Orquesta Infantil - Juvenil De La Cruz - Ensamble Temporia,Región de Valparaíso,Provincia de Quillota,La Cruz,Juvenil - Infantil,, ,"Región de Valparaíso - Provincia de Quillota - La Cruz , Quillota", , , 
FOJI_A121,Orquesta Infantil - Juvenil De San Antonio,Región de Valparaíso,Provincia de San Antonio,San Antonio,Juvenil - Infantil,, ,Región de Valparaíso - Provincia de San Antonio - San Antonio, , , 
FOJI_A122,Orquesta Infantil - Juvenil Del Colegio Jose Manuel Vicuña,Región Metropolitana,Provincia de Santiago,San Joaquín,Juvenil - Infantil,, ,Región Metropolitana - Provincia de Santiago - San Joaquín, , , 
FOJI_A123,Orquesta Infantil - Juvenil Del Colegio Juan Luis Undurraga,Región Metropolitana,Provincia de Santiago,Quilicura,Juvenil - Infantil,, ,"Región Metropolitana - Provincia de Santiago - Quilicura , Santiago",13,51, 
FOJI_A124,Orquesta Infantil - Juvenil Del Colegio Lorenzo Sazie,Región Metropolitana,Provincia de Santiago,Santiago,Juvenil - Infantil,, ,Región Metropolitana - Provincia de Santiago - Santiago,3,20, 
FOJI_A125,Orquesta Infantil - Juvenil Del Colegio San Damian de Molokai,Región Metropolitana,Provincia de Santiago,Cerro Navia,Juvenil - Infantil,, ,Región Metropolitana - Provincia de Santiago - Cerro Navia,4,20, 
FOJI_A126,Orquesta Infantil - Juvenil Municipal De Lanco,Región de los Ríos,Provincia de Valdivia,Lanco,Juvenil - Infantil,, ,Región de los Ríos - Provincia de Valdivia - Lanco , , , 
FOJI_A127,Orquesta Infantil - Juvenil Musart De Casablanca,Región de Valparaíso,Provincia de Valparaíso,Casablanca,Juvenil - Infantil,"Cuerdas, Maderas, Bronces, Percusión"," https://www.facebook.com/orquestaMusArt , https://www.youtube.com/@MusArtCasablanca , https://www.instagram.com/musartcasablanca/",Región de Valparaíso - Provincia de Valparaíso - Casablanca,12,53, 
FOJI_A128,Orquesta Infantil - Juvenil San Agustin De Antofagasta,Región de Antofagasta,Provincia de Antofagasta,Antofagasta,Juvenil - Infantil,, ,Región de Antofagasta - Provincia de Antofagasta - Antofagasta, , , 
FOJI_A129,Orquesta Infantil Armando Dufey,Región de la Araucanía,Provincia de Cautín,Temuco,Infantil,, ,"Región de la Araucanía - Provincia de Cautín - Temuco ,", , , 
FOJI_A130,Orquesta Infantil Colegio Abraham Lincoln,Región de Arica y Parinacota,Provincia de Arica,Arica,Infantil,, ,Región de Arica y Parinacota - Provincia de Arica - Arica, , , 
FOJI_A131,Orquesta Infantil Colegio Beth-El,Región de Ñuble,Provincia de Diguillín,Chillán,Infantil,, ,"Región de Ñuble - Provincia de Diguillín - Chillán , chillam",4,45, 
FOJI_A132,Orquesta Infantil Colegio Claudio Arrau,Región de Coquimbo,Provincia de Elqui,Coquimbo,Infantil,," https://www.facebook.com/casadelaculturadesantodomingo/ , https://www.youtube.com/channel/UC9LDgSv-onKgSmeCxzhEX5A , https://www.instagram.com/culturasantodomingo/","Región de Coquimbo - Provincia de Elqui - Coquimbo ,", , , 
FOJI_A133,Orquesta infantil Colegio Maria Raquel,Región del Maule,Provincia de Talca,Talca,Infantil,, ,Región del Maule - Provincia de Talca - Talca,2, , 
FOJI_A134,Orquesta Infantil Colegio San Patricio,Región de Antofagasta,Provincia de Antofagasta,Antofagasta,Infantil,,"https://www.facebook.com/orquestauniversitaria.laserena , https://catastro.foji.cl/orquesta/10/www.instagram.com/oulaserena",Región de Antofagasta - Provincia de Antofagasta - Antofagasta,4, , 
FOJI_A135,Orquesta Infantil De Cuerdas De Rio Blanco,Región de Valparaíso,Provincia de Valparaíso,Valparaíso,Infantil,, ,"Región de Valparaíso - Provincia de Valparaíso - Valparaíso , Los Andes", , , 
FOJI_A136,Orquesta Infantil De La Escuela Basica Gaspar Cabrales De Barquito,Región de Atacama,Provincia de Chañaral,Chañaral,Infantil,, ,Región de Atacama - Provincia de Chañaral - Chañaral, , , 
FOJI_A137,Orquesta Infantil De Limache,Región de Valparaíso,Provincia de Marga Marga,Limache,Infantil,, ,Región de Valparaíso - Provincia de Marga Marga - Limache, , , 
FOJI_A138,Orquesta Infantil de San Rafael - OISAR,Región del Maule,Provincia de Talca,San Rafael,Infantil,"Cuerdas, Maderas, Bronces, Percusión", ,Región del Maule - Provincia de Talca - San Rafael,7,31, 
FOJI_A139,Orquesta Infantil del Colegio San José de Lampa,Región Metropolitana,Provincia de Chacabuco,Lampa,Juvenil - Infantil,, ,"Región Metropolitana - Provincia de Chacabuco - Lampa , Santiago",5,26, 
FOJI_A140,Orquesta Infantil Escuela Elise Mottart,Región de Ñuble,Provincia de Diguillín,El Carmen,Infantil,, ,Región de Ñuble - Provincia de Diguillín - El Carmen,5,37, 
FOJI_A141,Orquesta Infantil Escuela Ernesto Castro Arellano De Curico,Región del Maule,Provincia de Curicó,Curicó,Infantil,, ,"Región del Maule - Provincia de Curicó - Curicó , Curico", , , 
FOJI_A142,Orquesta Infantil Escuela Pedro Quintana Mansilla,Región de Aisén del Gral. Carlos Ibáñez del Campo,Provincia de Coyhaique,Coihaique,Infantil,"Cuerdas, Maderas"," https://www.facebook.com/programa.tocandosuenos.9 , https://catastro.foji.cl/orquesta/680/programatocandosuenos","Región de Aisén del Gral. Carlos Ibáñez del Campo - Provincia de Coyhaique - Coihaique , Coyhaique",6,32, 
FOJI_A143,Orquesta Infantil Escuela Rural El Melí,Región de los Lagos,Provincia de Llanquihue,Los Muermos,Infantil,, ,Región de los Lagos - Provincia de Llanquihue - Los Muermos, ,22, 
FOJI_A144,Orquesta Infantil Escuela Sor Teresa de Los Andes de Barrancas,Región Metropolitana,Provincia de Santiago,Lo Prado,Infantil,Cuerdas, ,"Región Metropolitana - Provincia de Santiago - Lo Prado , Lo Prado, Santiago", , , 
FOJI_A145,Orquesta Infantil Iván Godoy,Región Metropolitana,Provincia de Santiago,Renca,Infantil,Cuerdas, ,Región Metropolitana - Provincia de Santiago - Renca,3, , 
FOJI_A146,Orquesta Infantil Jose Canepa Vaccarezza,Región del Maule,Provincia de Curicó,Sagrada Familia,Infantil,, ,Región del Maule - Provincia de Curicó - Sagrada Familia, , , 
FOJI_A147,Orquesta Infantil José Antonio Abreu,Región Metropolitana,Provincia de Santiago,Santiago,Juvenil - Infantil,"Cuerdas, Maderas"," https://www.facebook.com/musicaparalaintegracion/ , https://twitter.com/musiintegracion , https://www.instagram.com/musicaparalaintegracion/",Región Metropolitana - Provincia de Santiago - Santiago,4,18, 
FOJI_A148,Orquesta Infantil Juvenil de Fresia,Región de los Lagos,Provincia de Llanquihue,Fresia,Juvenil - Infantil,"Cuerdas, Maderas, Bronces, Percusión, Latinoamericana", ,Región de los Lagos - Provincia de Llanquihue - Fresia, ,29, 
FOJI_A149,ORQUESTA INFANTIL JUVENIL DE MÁFIL,Región de los Ríos,Provincia de Valdivia,Máfil,Juvenil - Infantil,, https://www.youtube.com/watch?v=B8blJXsY6Js,Región de los Ríos - Provincia de Valdivia - Máfil,8,43, 
FOJI_A150,Orquesta Infantil Juvenil Del Colegio De Cultura Y Difusion Artistica De La Union,Región de los Ríos,Provincia del Ranco,La Unión,Juvenil - Infantil,, ,Región de los Ríos - Provincia del Ranco - La Unión, , , 
FOJI_A151,Orquesta Infantil Juvenil Fidelis,Región del Biobío,Provincia de Biobío,Los Ángeles,Juvenil - Infantil,"Cuerdas, Maderas"," https://www.facebook.com/conservatoriofidelis , https://www.youtube.com/channel/UCZOH-AiTfHrEI_6FbgLQVZg , https://www.instagram.com/conservatorio_fidelis/?hl=es-la",Región del Biobío - Provincia de Biobío - Los Ángeles,1,8, 
FOJI_A152,Orquesta Infantil Juvenil Municipal De La Pintana,Región Metropolitana,Provincia de Santiago,La Pintana,Juvenil,, ,"Región Metropolitana - Provincia de Santiago - La Pintana , Santiago", ,26, 
FOJI_A153,Orquesta Infantil Juvenil Municipal De Linares,Región del Maule,Provincia de Linares,Linares,Juvenil - Infantil,, ,Región del Maule - Provincia de Linares - Linares, , , 
FOJI_A154,Orquesta Infantil Juvenil San Luis de Contulmo,Región del Biobío,Provincia de Arauco,Contulmo,Juvenil - Infantil,"Cuerdas, Maderas, Percusión", ,Región del Biobío - Provincia de Arauco - Contulmo,5,26, 
FOJI_A155,Orquesta Infantil Liceo Nuestra Señora de la Merced,Región de Ñuble,Provincia de Punilla,San Carlos,Infantil,, ,Región de Ñuble - Provincia de Punilla - San Carlos, ,3, 
FOJI_A156,Orquesta Infantil Municipal de Paredones,Región del Libertador Gral. Bernando OHiggins,Provincia Cardenal Caro,Paredones,Infantil,Cuerdas, ,Región del Libertador Gral. Bernando OHiggins - Provincia Cardenal Caro - Paredones, , , 
FOJI_A157,Orquesta Infantil Municipal de Vichuquén,Región del Maule,Provincia de Curicó,Vichuquén,Infantil,"Cuerdas, Maderas, Bronces",https://catastro.foji.cl/orquesta/744/orquesta.vichuquen,Región del Maule - Provincia de Curicó - Vichuquén, , , 
FOJI_A158,Orquesta Infantil Pabellon #83,Región del Biobío,Provincia de Concepción,Lota,Juvenil - Infantil,, ,Región del Biobío - Provincia de Concepción - Lota,1,12, 
FOJI_A159,Orquesta Infantil Sename Maule,Región del Maule,Provincia de Talca,Talca,Infantil,, ,Región del Maule - Provincia de Talca - Talca,5,14, 
FOJI_A160,Orquesta Infantil Y Juvenil De Chimbarongo,Región del Libertador Gral. Bernando OHiggins,Provincia de Colchagua,Chimbarongo,Juvenil - Infantil,, ,Región del Libertador Gral. Bernando OHiggins - Provincia de Colchagua - Chimbarongo, , , 
FOJI_A161,Orquesta infantil y juvenil de cuerdas de la legua,Región Metropolitana,Provincia de Santiago,San Joaquín,Juvenil - Infantil,Cuerdas," https://catastro.foji.cl/orquesta/715/Codeinfa , https://catastro.foji.cl/orquesta/715/Codeinfa , https://catastro.foji.cl/orquesta/715/@codeinfaoficial , https://catastro.foji.cl/orquesta/715/Codeinfa","Región Metropolitana - Provincia de Santiago - San Joaquín , Santiago",1, , 
FOJI_A162,Orquesta Infantil y Juvenil de La Florida,Región Metropolitana,Provincia de Santiago,La Florida,Juvenil - Infantil,"Cuerdas, Maderas","https://catastro.foji.cl/orquesta/740/www.facebook.com/orquestastmlaflorida , https://catastro.foji.cl/orquesta/740/www.instagram.com/orquestastmlaflorida","Región Metropolitana - Provincia de Santiago - La Florida , Santiago",6, , 
FOJI_A163,Orquesta Infantil y Juvenil de Olmué,Región de Valparaíso,Provincia de Marga Marga,Olmué,Juvenil - Infantil,, ,Región de Valparaíso - Provincia de Marga Marga - Olmué, , , 
FOJI_A164,Orquesta Infantil Y Juvenil Del Colegio Crescente Errazuriz,Región Metropolitana,Provincia Cordillera,Puente Alto,Juvenil - Infantil,, ,Región Metropolitana - Provincia Cordillera - Puente Alto,6,25, 
FOJI_A165,Orquesta infantil y juvenil municipal de Tomé,Región del Biobío,Provincia de Concepción,Tomé,Juvenil - Infantil,, ,"Región del Biobío - Provincia de Concepción - Tomé , Concepción",5, , 
FOJI_A166,Orquesta Infantil-Juvenil de Romeral,Región del Maule,Provincia de Curicó,Romeral,Juvenil - Infantil,, ,Región del Maule - Provincia de Curicó - Romeral,1, , 
FOJI_A167,Orquesta Infantil-juvenil del Colegio Ramón Ángel Jara,Región de los Lagos,Provincia de Llanquihue,Los Muermos,Juvenil - Infantil,, ,Región de los Lagos - Provincia de Llanquihue - Los Muermos,4,17, 
FOJI_A168,Orquesta Infantil-Juvenil Municipal de Cabildo,Región de Valparaíso,Provincia de Petorca,Cabildo,Juvenil - Infantil,Cuerdas, ,Región de Valparaíso - Provincia de Petorca - Cabildo,4, , 
FOJI_A169,Orquesta Infanto-Juvenil De Pitrufquén,Región de la Araucanía,Provincia de Cautín,Pitrufquén,Juvenil - Infantil,, https://www.google.ca/url?sa=t&source=web&cd=11&ved=2ahUKEwjLksCphI7pAhUTmHIEHTfQDmkQFjAKegQIAxAB&url=https%3A%2F%2Fwww.facebook.com%2FOrquesta-de-Cuerdas-Las-Conchillas-1836288893256048%2F&usg=AOvVaw0H3xwLFs99YVRCP3NEjIL0,Región de la Araucanía - Provincia de Cautín - Pitrufquén, , , 
FOJI_A170,Orquesta Infanto-Juvenil La Matriz,Región de Valparaíso,Provincia de Valparaíso,Valparaíso,Juvenil - Infantil,"Cuerdas, Percusión"," https://catastro.foji.cl/orquesta/415/Corporacion%20La%20Matriz , https://catastro.foji.cl/orquesta/415/@corpLaMatriz , https://catastro.foji.cl/orquesta/415/corporacionlamatriz",Región de Valparaíso - Provincia de Valparaíso - Valparaíso,7,31, 
FOJI_A171,Orquesta INSAMA San Carlos,Región de Ñuble,Provincia de Punilla,San Carlos,Juvenil - Infantil,, ,Región de Ñuble - Provincia de Punilla - San Carlos, , , 
FOJI_A172,Orquesta Instituto Alonso de Ercilla,Región Metropolitana,Provincia de Santiago,Santiago,Juvenil - Infantil,, ,Región Metropolitana - Provincia de Santiago - Santiago, , , 
FOJI_A173,Orquesta Instituto Marítimo Valparaíso,Región de Valparaíso,Provincia de Valparaíso,Valparaíso,Juvenil,, ,Región de Valparaíso - Provincia de Valparaíso - Valparaíso, ,13, 
FOJI_A174,Orquesta Interfacultades UC (OIUC),Región Metropolitana,Provincia de Santiago,Macul,Juvenil,, ,"Región Metropolitana - Provincia de Santiago - Macul , Santiago", , , 
FOJI_A175,Orquesta Intermedia Liceo De Musica De Copiapo,Región de Atacama,Provincia de Copiapó,Copiapó,Infantil,," https://catastro.foji.cl/orquesta/28/Argeliarojasm , https://_.oset._/",Región de Atacama - Provincia de Copiapó - Copiapó, , , 
FOJI_A176,Orquesta Jose Manuel Balmaceda,Región del Maule,Provincia de Linares,San Javier,Infantil,," https://www.facebook.com/orquestapudahuel , https://www.youtube.com/channel/UCFgA6csPeeHT8JbffgyUsRA , https://www.instagram.com/orquestapudahuel/",Región del Maule - Provincia de Linares - San Javier, , , 
FOJI_A177,Orquesta Juan Pablo II,Región de la Araucanía,Provincia de Cautín,Pucón,Infantil,, ,Región de la Araucanía - Provincia de Cautín - Pucón,1,22, 
FOJI_A178,ORQUESTA JUVENIL AMADEUS,Región del Biobío,Provincia de Biobío,Los Ángeles,Juvenil,, ,"Región del Biobío - Provincia de Biobío - Los Ángeles , LOS ANGELES", ,15, 
FOJI_A179,Orquesta Juvenil Carlos Montané Castro,Región de Ñuble,Provincia de Itata,Quirihue,Juvenil,"Cuerdas, Percusión", https://catastro.foji.cl/orquesta/657/orquestajuvenilcmc,Región de Ñuble - Provincia de Itata - Quirihue,2,26, 
FOJI_A180,Orquesta Juvenil CDA (Colegio de Difusión Artística Los Ulmos),Región de los Lagos,Provincia de Llanquihue,Puerto Montt,Juvenil - Infantil,, ,"Región de los Lagos - Provincia de Llanquihue - Puerto Montt , Los Muermos",1,23, 
FOJI_A181,Orquesta Juvenil Colegio Nacional,Región de Valparaíso,Provincia de Marga Marga,Villa Alemana,Juvenil - Infantil,, ,Región de Valparaíso - Provincia de Marga Marga - Villa Alemana,4,14, 
FOJI_A182,Orquesta Juvenil de Angol,Región de la Araucanía,Provincia de Malleco,Angol,Juvenil - Infantil,,https://conservatorio.ubiobio/,Región de la Araucanía - Provincia de Malleco - Angol,5,13, 
FOJI_A183,Orquesta Juvenil de Cuerdas Teatro Municipal de San Javier,Región del Maule,Provincia de Linares,San Javier,Juvenil,, ,Región del Maule - Provincia de Linares - San Javier,5,16, 
FOJI_A184,Orquesta Juvenil De La Corporacion Municipal De Villa Alemana,Región de Valparaíso,Provincia de Marga Marga,Villa Alemana,Juvenil - Infantil,,https://orquesta%20estudiantil%20de%20lebu/,Región de Valparaíso - Provincia de Marga Marga - Villa Alemana, , , 
FOJI_A185,Orquesta Juvenil De La Florida,Región Metropolitana,Provincia de Santiago,La Florida,Juvenil - Infantil,, ,"Región Metropolitana - Provincia de Santiago - La Florida , Santiago", , , 
FOJI_A186,Orquesta Juvenil De Limache,Región de Valparaíso,Provincia de Marga Marga,Limache,Juvenil,,"https://www.facebook.com/cultura.antofagasta , https://www.youtube.com/user/CCAFTA , https://www.instagram.com/culturaantofagasta/",Región de Valparaíso - Provincia de Marga Marga - Limache, , , 
FOJI_A187,Orquesta Juvenil de Linares,Región del Maule,Provincia de Linares,Linares,Juvenil,, ,Región del Maule - Provincia de Linares - Linares,5,26, 
FOJI_A188,Orquesta Juvenil De Los Angeles,Región del Biobío,Provincia de Concepción,Concepción,Juvenil - Infantil,, ,Región del Biobío - Provincia de Concepción - Concepción, ,24, 
FOJI_A189,Orquesta Juvenil de Nacimiento,Región del Biobío,Provincia de Biobío,Nacimiento,Juvenil - Infantil,, ,Región del Biobío - Provincia de Biobío - Nacimiento,4,27, 
FOJI_A190,Orquesta Juvenil de Pelarco,Región del Maule,Provincia de Talca,Pelarco,Juvenil - Infantil,, ,"Región del Maule - Provincia de Talca - Pelarco , Talca",8,31, 
FOJI_A191,Orquesta Juvenil de Renca,Región Metropolitana,Provincia de Santiago,Renca,Juvenil - Infantil,, ,"Región Metropolitana - Provincia de Santiago - Renca , Santiago",4,32, 
FOJI_A192,Orquesta Juvenil De Santa Maria,Región de Valparaíso,Provincia de San Felipe de Aconcagua,Santa María,Juvenil,, ,"Región de Valparaíso - Provincia de San Felipe de Aconcagua - Santa María , Santa Maria", , , 
FOJI_A193,Orquesta Juvenil de Ñuñoa,Región Metropolitana,Provincia de Santiago,Ñuñoa,Juvenil - Infantil,, ,"Región Metropolitana - Provincia de Santiago - Ñuñoa , Santiago",2,12, 
FOJI_A194,Orquesta Juvenil del Centro Artístico Cultural,Región del Biobío,Provincia de Concepción,Concepción,Juvenil,"Cuerdas, Percusión", ,Región del Biobío - Provincia de Concepción - Concepción, ,30, 
FOJI_A195,Orquesta Juvenil e Infantil de Cuerdas Municipal de Concón,Región de Valparaíso,Provincia de Valparaíso,Concón,Juvenil - Infantil,, ,Región de Valparaíso - Provincia de Valparaíso - Concón,5,28, 
FOJI_A196,Orquesta Juvenil e Infantil de La Reina,Región Metropolitana,Provincia de Santiago,La Reina,Juvenil - Infantil,, ,"Región Metropolitana - Provincia de Santiago - La Reina , Santiago",8,15, 
FOJI_A197,Orquesta Juvenil E Infantil De Recoleta,Región Metropolitana,Provincia de Santiago,Recoleta,Juvenil - Infantil,, ,"Región Metropolitana - Provincia de Santiago - Recoleta , Santiago",6,48, 
FOJI_A198,Orquesta Juvenil e Infantil de Vitacura,Región Metropolitana,Provincia de Santiago,Vitacura,Juvenil - Infantil,, ,"Región Metropolitana - Provincia de Santiago - Vitacura , Santiago",4,35, 
FOJI_A199,Orquesta juvenil e infantil Wampo de Quellón,Región de los Lagos,Provincia de Chiloé,Quellón,Juvenil - Infantil,, ,Región de los Lagos - Provincia de Chiloé - Quellón,1,14, 
FOJI_A200,Orquesta Juvenil Escuela Artistica Armando Dufey Blanc De Temuco,Región de la Araucanía,Provincia de Cautín,Temuco,Juvenil,,https://www.instagram.com/wampo_chiloe/,Región de la Araucanía - Provincia de Cautín - Temuco, , , 
FOJI_A201,Orquesta Juvenil Escuela de Música de la Corporación Cultural de Antofagasta,Región de Antofagasta,Provincia de Antofagasta,Antofagasta,Juvenil,, ,Región de Antofagasta - Provincia de Antofagasta - Antofagasta,6,17, 
FOJI_A202,Orquesta Juvenil Futaleufú - Fundación Resonancia,Región de los Lagos,Provincia de Palena,Futaleufú,Juvenil - Infantil,, ,Región de los Lagos - Provincia de Palena - Futaleufú,3,12, 
FOJI_A203,Orquesta Juvenil Jaime Molina Medero De Antofagasta,Región de Antofagasta,Provincia de Antofagasta,Antofagasta,Juvenil - Infantil,, ,Región de Antofagasta - Provincia de Antofagasta - Antofagasta, , , 
FOJI_A204,Orquesta Juvenil Kürrub ülkatun de la comuna de Alto Biobío,Región del Biobío,Provincia de Biobío,Alto Biobío,Juvenil - Infantil,, ,"Región del Biobío - Provincia de Biobío - Alto Biobío , Alto Biobio", ,24, 
FOJI_A205,Orquesta Juvenil Latinoamericana Liceo de Música de Copiapó,Región de Atacama,Provincia de Copiapó,Copiapó,Juvenil,,"https://www.facebook.com/OrquestaLINSEM/?ref=settings , https://www.youtube.com/channel/UCNzVIq8vuAlP8ru3Dlf4_xQ  , https://www.instagram.com/orquesta.linsem/",Región de Atacama - Provincia de Copiapó - Copiapó, , , 
FOJI_A206,Orquesta Juvenil Liceo Bicentenario Valentín Letelier Madariaga,Región del Maule,Provincia de Linares,Linares,Juvenil - Infantil,, ,Región del Maule - Provincia de Linares - Linares,1, , 
FOJI_A207,Orquesta Juvenil Liceo Nuestra Señora de la Merced,Región de Ñuble,Provincia de Punilla,San Carlos,Juvenil,, ,Región de Ñuble - Provincia de Punilla - San Carlos,4,27, 
FOJI_A208,Orquesta Juvenil Liceo Pedro Troncoso Machuca,Región de Atacama,Provincia de Huasco,Vallenar,Juvenil,,https://www.facebook.com/orquestaniquen,Región de Atacama - Provincia de Huasco - Vallenar, , , 
FOJI_A209,Orquesta Juvenil Marta Brunet,Región de Ñuble,Provincia de Diguillín,Chillán,Juvenil,, ,"Región de Ñuble - Provincia de Diguillín - Chillán , chillán", ,1, 
FOJI_A210,ORQUESTA JUVENIL MUNICIPAL DE TALCAHUANO,Región del Biobío,Provincia de Concepción,Talcahuano,Juvenil - Infantil,"Cuerdas, Maderas, Bronces, Percusión","https://catastro.foji.cl/orquesta/745/ORQUESTA%20DE%20TRANSICION%20DE%20TALCAHUANO%20/CENTROCULTURAL%20TEATRO%20DANTE ,  https://catastro.foji.cl/orquesta/745/ORQUESTAMUNICIPALTHNO","Región del Biobío - Provincia de Concepción - Talcahuano , TALCAHUANO",9,15, 
FOJI_A211,Orquesta Juvenil Universidad de Los Lagos,Región de los Lagos,Provincia de Osorno,Osorno,Juvenil,"Cuerdas, Maderas, Bronces, Percusión, Latinoamericana", ,Región de los Lagos - Provincia de Osorno - Osorno,7, , 
FOJI_A212,Orquesta Latinoamericana Sinfonica De Cunco,Región de la Araucanía,Provincia de Cautín,Cunco,Juvenil - Infantil,," https://www.facebook.com/fundacionresonancia/ , https://fundacionresonancia/","Región de la Araucanía - Provincia de Cautín - Cunco , Cautín", , , 
FOJI_A213,Orquesta Liceo Antonio Varas Lago Ranco,Región de los Ríos,Provincia del Ranco,Lago Ranco,Juvenil - Infantil,"Cuerdas, Bronces, Percusión", ,Región de los Ríos - Provincia del Ranco - Lago Ranco,2,27, 
FOJI_A214,Orquesta Liceo El Principal de Pirque,Región Metropolitana,Provincia Cordillera,Pirque,Infantil,"Cuerdas, Bronces","https://www.facebook.com/orquestacuerdas , https://www.instagram.com/orq.liceoelprincipal/","Región Metropolitana - Provincia Cordillera - Pirque , Santiago",6, , 
FOJI_A215,Orquesta Liceo Gregorio Cordovez,Región de Coquimbo,Provincia de Elqui,La Serena,Juvenil - Infantil,, ,Región de Coquimbo - Provincia de Elqui - La Serena, , , 
FOJI_A216,Orquesta Liceo Santa Cruz de Larqui,Región de Ñuble,Provincia de Diguillín,Bulnes,Juvenil - Infantil,, ,Región de Ñuble - Provincia de Diguillín - Bulnes,2,13, 
FOJI_A217,Orquesta Liceo Técnico Puente Ñuble,Región de Ñuble,Provincia de Punilla,San Nicolás,Juvenil - Infantil,, ,Región de Ñuble - Provincia de Punilla - San Nicolás,6,20, 
FOJI_A218,Orquesta LSFA,Región del Biobío,Provincia de Arauco,Arauco,Juvenil - Infantil,"Cuerdas, Maderas", ,Región del Biobío - Provincia de Arauco - Arauco, ,31, 
FOJI_A219,"Orquesta Municipal ""Ignacio Cifuentes"" de Licantén",Región del Maule,Provincia de Curicó,Licantén,Infantil,"Cuerdas, Maderas, Bronces, Percusión", ,Región del Maule - Provincia de Curicó - Licantén,9, , 
FOJI_A220,Orquesta Municipal De Quilpue,Región de Valparaíso,Provincia de Valparaíso,Valparaíso, Juvenil - Infantil,, ,"Región de Valparaíso - Provincia de Valparaíso - Valparaíso , Quilpue",3,34, 
FOJI_A221,Orquesta Musicalite,Región de Tarapacá,Provincia de Iquique,Iquique,Juvenil - Infantil,,https://www.facebook.com/OrquestaSinfonicaJuvenilSanNicolas/,Región de Tarapacá - Provincia de Iquique - Iquique, , , 
FOJI_A222,Orquesta Neoclásica.,Región Metropolitana,Provincia Cordillera,Puente Alto,Juvenil - Infantil,"Cuerdas, Maderas"," https://www.youtube.com/watch?v=uqf14Uu6BKU , https://www.instagram.com/fundacionhijosdebach/","Región Metropolitana - Provincia Cordillera - Puente Alto , Santiago",1,14, 
FOJI_A223,Orquesta Newen De La Florida,Región Metropolitana,Provincia de Santiago,La Florida,Juvenil - Infantil,, ,"Región Metropolitana - Provincia de Santiago - La Florida , Santiago",6,12, 
FOJI_A224,Orquesta Paula Jaraquemada,Región Metropolitana,Provincia de Maipo,Paine,Juvenil - Infantil,, ,"Región Metropolitana - Provincia de Maipo - Paine , Santiago",4,29, 
FOJI_A225,Orquesta Pedro Núñez Navarrete,Región del Maule,Provincia de Talca,Constitución,Infantil,"Cuerdas, Maderas, Bronces",https://instagram.com/orquestapedronuneznavarrete?igshid=YmMyMTA2M2Y=,Región del Maule - Provincia de Talca - Constitución,3,18, 
FOJI_A226,Orquesta Popular de San Pedro de Atacama,Región de Antofagasta,Provincia de El Loa,San Pedro de Atacama,Infantil,, ,Región de Antofagasta - Provincia de El Loa - San Pedro de Atacama,4,13, 
FOJI_A227,Orquesta Preparatoria del Conservatorio de Música de la Universidad de Magallanes,Región de Magallanes y de la Antártica Chilena,Provincia de Magallanes,Punta Arenas,Juvenil,, ,"Región de Magallanes y de la Antártica Chilena - Provincia de Magallanes - Punta Arenas , PUNTA ARENAS", , , 
FOJI_A228,Orquesta Pública Estudiantil de Valparaíso,Región de Valparaíso,Provincia de Valparaíso,Valparaíso,Juvenil - Infantil,, ,Región de Valparaíso - Provincia de Valparaíso - Valparaíso,20,69, 
FOJI_A229,Orquesta Rural Infantil Santo Domingo,Región de Valparaíso,Provincia de San Antonio,Santo Domingo,Infantil,, ,"Región de Valparaíso - Provincia de San Antonio - Santo Domingo , El Convento",3, , 
FOJI_A230,Orquesta Semilla De Caldera,Región de Atacama,Provincia de Copiapó,Caldera,Infantil,," https://www.facebook.com/OrquestaLINSEM/?notif_id=1551221160597719&notif_t=page_fan , https://www.youtube.com/channel/UCNzVIq8vuAlP8ru3Dlf4_xQ  , https://www.instagram.com/orquesta.linsem/",Región de Atacama - Provincia de Copiapó - Caldera,5,4, 
FOJI_A231,Orquesta Semillero San Nicolás,Región de Ñuble,Provincia de Punilla,San Nicolás,Infantil,, ,Región de Ñuble - Provincia de Punilla - San Nicolás,15,46, 
FOJI_A232,Orquesta Semillero Simón Bolívar,Región Metropolitana,Provincia de Santiago,Santiago,Infantil,"Cuerdas, Maderas, Bronces, Percusión"," https://www.facebook.com/musicaparalaintegracion/ , https://twitter.com/musiintegracion , https://www.instagram.com/musicaparalaintegracion/",Región Metropolitana - Provincia de Santiago - Santiago,7,34, 
FOJI_A233,ORQUESTA SEMILLERO UBB,Región del Biobío,Provincia de Concepción,Concepción,Juvenil - Infantil,, ," Región del Biobío - Provincia de Concepción - Concepción , CONCEPCIÓN", , , 
FOJI_A234,Orquesta Sheg Yemel,Región de Aisén del Gral. Carlos Ibáñez del Campo,Provincia de Coyhaique,Coihaique,Juvenil - Infantil,"Cuerdas, Maderas, Percusión","https://www.facebook.com/programa.tocandosuenos.9 , https://catastro.foji.cl/orquesta/683/programatocandosuenos","Región de Aisén del Gral. Carlos Ibáñez del Campo - Provincia de Coyhaique - Coihaique , Coyhaique",3,12, 
FOJI_A235,Orquesta Sinfonica Cormumel,Región Metropolitana,Provincia de Melipilla,Melipilla,Juvenil - Infantil,"Cuerdas, Maderas, Bronces, Percusión, Latinoamericana", ,Región Metropolitana - Provincia de Melipilla - Melipilla,3,47, 
FOJI_A236,Orquesta Sinfonica De Til Til,Región Metropolitana,Provincia de Chacabuco,Tiltil,Juvenil - Infantil,, ,"Región Metropolitana - Provincia de Chacabuco - Tiltil , Santiago", , , 
FOJI_A237,ORQUESTA SINFONICA ESCOLAR MUNICIPAL TRAIGUEN,Región de la Araucanía,Provincia de Malleco,Traiguén,Juvenil - Infantil,, ,"Región de la Araucanía - Provincia de Malleco - Traiguén , TRAIGUEN", , , 
FOJI_A238,Orquesta Sinfonica Estudiantil Claudio Arrau,Región de Coquimbo,Provincia de Elqui,Coquimbo,Infantil,, https://orquesta%20de%20yumbel/,Región de Coquimbo - Provincia de Elqui - Coquimbo,14, , 
FOJI_A239,Orquesta Sinfonica Estudiantil de San Felipe,Región de Valparaíso,Provincia de San Felipe de Aconcagua,San Felipe,Juvenil - Infantil,, ,Región de Valparaíso - Provincia de San Felipe de Aconcagua - San Felipe,3,43, 
FOJI_A240,Orquesta Sinfonica Infantil - Juvenil De Puerto Montt,Región de los Lagos,Provincia de Llanquihue,Puerto Montt,Juvenil - Infantil,, ,"Región de los Lagos - Provincia de Llanquihue - Puerto Montt , Pto Montt",4,57, 
FOJI_A241,"Orquesta Sinfonica Infantil - Juvenil Del Liceo Artistico Armando Carrera Gonzalez, Antofagasta.",Región de Antofagasta,Provincia de Antofagasta,Antofagasta,Juvenil - Infantil,,https://catastro.foji.cl/orquesta/19/facebook.com/orquestainfantiljuvenilfidelis,Región de Antofagasta - Provincia de Antofagasta - Antofagasta, , , 
FOJI_A242,Orquesta Sinfonica Infantil De Cartagena Fosicar,Región de Valparaíso,Provincia de San Antonio,Cartagena,Juvenil - Infantil,," https://www.facebook.com/OrquestaSanLuisdeContulmo , https://instagram.com/orquestacontulmo?igshid=1nqyyib7iiv3q",Región de Valparaíso - Provincia de San Antonio - Cartagena, , , 
FOJI_A243,Orquesta Sinfonica Infantil Juvenil Educacion Municipal Pto Montt,Región de los Lagos,Provincia de Llanquihue,Puerto Montt,Juvenil - Infantil,, ,Región de los Lagos - Provincia de Llanquihue - Puerto Montt, , , 
FOJI_A244,Orquesta Sinfonica Infantil Juvenil El Tabo,Región de Valparaíso,Provincia de San Antonio,El Tabo,Juvenil - Infantil,, ,"Región de Valparaíso - Provincia de San Antonio - El Tabo , San Antonio",11,35, 
FOJI_A245,Orquesta Sinfonica Infantil Municipalidad De Pica,Región de Tarapacá,Provincia de Iquique,Iquique,Juvenil - Infantil,, ,"Región de Tarapacá - Provincia de Iquique - Iquique , Pica",4,40, 
FOJI_A246,Orquesta Sinfonica Infantil San Fernando,Región del Libertador Gral. Bernando OHiggins,Provincia de Colchagua,San Fernando,Infantil,, ,Región del Libertador Gral. Bernando OHiggins - Provincia de Colchagua - San Fernando, , , 
FOJI_A247,Orquesta Sinfonica Infantil Y Juvenil Colegio El Alba De El Quisco,Región de Valparaíso,Provincia de San Antonio,El Quisco,Juvenil - Infantil,, ,Región de Valparaíso - Provincia de San Antonio - El Quisco,7,3, 
FOJI_A248,Orquesta Sinfonica Jose Joaquin Prieto,Región Metropolitana,Provincia de Santiago,La Pintana,Juvenil - Infantil,, ,"Región Metropolitana - Provincia de Santiago - La Pintana , Santiago",12,53, 
FOJI_A249,Orquesta Sinfonica Juvenil Colegio Claudio Arrau,Región de Coquimbo,Provincia de Elqui,Coquimbo,Juvenil,," https://www.facebook.com/melafonicacurico/ , https://www.youtube.com/melafonicacurico , https://www.instagram.com/melafonicacurico/",Región de Coquimbo - Provincia de Elqui - Coquimbo, , , 
FOJI_A250,Orquesta Sinfonica Juvenil De Puente Alto,Región Metropolitana,Provincia Cordillera,Puente Alto,Juvenil,, ,"Región Metropolitana - Provincia Cordillera - Puente Alto , Santiago", , , 
FOJI_A251,Orquesta Sinfonica Juvenil Liceo De Musica Copiapo,Región de Atacama,Provincia de Copiapó,Copiapó,Juvenil,, ,Región de Atacama - Provincia de Copiapó - Copiapó, , , 
FOJI_A252,Orquesta Sinfonica Juvenil Rocas De Santo Domingo,Región de Valparaíso,Provincia de San Antonio,Santo Domingo,Juvenil,, ,"Región de Valparaíso - Provincia de San Antonio - Santo Domingo , San Antonio",17,49, 
FOJI_A253,Orquesta Sinfonica Juvenil San Fernando,Región del Libertador Gral. Bernando OHiggins,Provincia de Colchagua,San Fernando,Juvenil,, ,Región del Libertador Gral. Bernando OHiggins - Provincia de Colchagua - San Fernando, , , 
FOJI_A254,Orquesta Sinfonica The Antofagasta Baptist College,Región de Antofagasta,Provincia de Antofagasta,Antofagasta,Juvenil - Infantil,, https://catastro.foji.cl/orquesta/17/@OrquestaOcn,Región de Antofagasta - Provincia de Antofagasta - Antofagasta, , , 
FOJI_A255,Orquesta Sinfònica Juvenil e Infantil de Isla de Maipo,Región Metropolitana,Provincia de Talagante,Isla de Maipo,Juvenil - Infantil,, ,"Región Metropolitana - Provincia de Talagante - Isla de Maipo , Santiago", ,34, 
FOJI_A256,Orquesta Sinfónica Andrés Bello,Región Metropolitana,Provincia de Santiago,Santiago,Juvenil,"Cuerdas, Maderas, Percusión"," https://www.facebook.com/musicaparalaintegracion/ , https://www.youtube.com/@fundacionmusicaparalainteg6514 , https://twitter.com/musiintegracion , https://www.instagram.com/musicaparalaintegracion/",Región Metropolitana - Provincia de Santiago - Santiago,3,20, 
FOJI_A257,Orquesta Sinfónica Básica del Colegio Bicentenario de las Artes Eliseo Videla Jorquera,Región de Coquimbo,Provincia de Limarí,Ovalle,Infantil,, ,Región de Coquimbo - Provincia de Limarí - Ovalle,10,52, 
FOJI_A258,ORQUESTA SINFÓNICA COLEGIO BICENTENARIO LIONS´SCHOOL,Región de Valparaíso,Provincia de San Antonio,Cartagena,Juvenil - Infantil,, ,"Región de Valparaíso - Provincia de San Antonio - Cartagena , CARTAGENA",11,39, 
FOJI_A259,Orquesta Sinfónica Colegio Claudio Arrau León,Región de los Ríos,Provincia de Valdivia,Panguipulli,Infantil,, ,"Región de los Ríos - Provincia de Valdivia - Panguipulli , panguipulli",8,47, 
FOJI_A260,Orquesta Sinfónica Colegio San Francisco Coll,Región de Coquimbo,Provincia de Elqui,La Serena, Juvenil - Infantil,"Cuerdas, Maderas, Bronces, Percusión",https://www.youtube.com/channel/UCSecGc1Po_xbyrJaPimopAw,Región de Coquimbo - Provincia de Elqui - La Serena,2,26, 
FOJI_A261,ORQUESTA SINFÓNICA DE ANGOL (OSA),Región de la Araucanía,Provincia de Malleco,Angol,Juvenil - Infantil,"Cuerdas, Maderas, Bronces, Percusión"," https://catastro.foji.cl/orquesta/652/Orquesta%20Sinf%C3%B3nica%20de%20Angol , https://catastro.foji.cl/orquesta/652/Orquesta%20Sinf%C3%B3nica%20de%20Angol , https://catastro.foji.cl/orquesta/652/orquestasinfonicadeangol",Región de la Araucanía - Provincia de Malleco - Angol, , , 
FOJI_A262,Orquesta Sinfónica de Lampa,Región Metropolitana,Provincia de Chacabuco,Lampa,Juvenil,"Cuerdas, Maderas, Bronces, Percusión"," https://www.facebook.com/culturalampa/ , https://www.youtube.com/@corporacionculturaldelampa7606 , https://twitter.com/cultura_lampa , https://www.instagram.com/cultura_lampa/","Región Metropolitana - Provincia de Chacabuco - Lampa , Santiago",5, , 
FOJI_A263,Orquesta Sinfónica Escuela Claudio Arrau León,Región de los Ríos,Provincia de Valdivia,Panguipulli,Juvenil - Infantil,"Cuerdas, Maderas, Bronces, Percusión"," https://www.facebook.com/ECALPANGUIPULLI , https://catastro.foji.cl/orquesta/738/@ecalpanguipulli , https://catastro.foji.cl/orquesta/738/@ecalpanguipulli",Región de los Ríos - Provincia de Valdivia - Panguipulli, , , 
FOJI_A264,Orquesta Sinfónica estudiantil de Lota,Región del Biobío,Provincia de Concepción,Lota,Juvenil - Infantil,, ,Región del Biobío - Provincia de Concepción - Lota,3,38, 
FOJI_A265,Orquesta Sinfónica Estudiantil Los Lagos,Región de los Ríos,Provincia de Valdivia,Los Lagos,Juvenil - Infantil,, ,Región de los Ríos - Provincia de Valdivia - Los Lagos,6, , 
FOJI_A266,Orquesta Sinfónica Femenina Liceo Bicentenario Santa Marta Talca,Región del Maule,Provincia de Talca,Talca,Juvenil - Infantil,"Cuerdas, Maderas, Bronces, Percusión",https://catastro.foji.cl/orquesta/488/instagram.com/olisamtalca,Región del Maule - Provincia de Talca - Talca,12,37, 
FOJI_A267,Orquesta Sinfónica Fusión Internado Nacional Barros Arana,Región Metropolitana,Provincia de Santiago,Santiago,Juvenil - Infantil,, ,Región Metropolitana - Provincia de Santiago - Santiago,4,18, 
FOJI_A268,Orquesta Sinfónica Infantil - de los andes,Región de Valparaíso,Provincia de Los Andes,Los Andes,Juvenil - Infantil,,https://www.facebook.com/orquestafilarmonicamunicipalcuracavi,"Región de Valparaíso - Provincia de Los Andes - Los Andes , los andes", , , 
FOJI_A269,Orquesta Sinfónica Infantil Claudio Arrau León,Región de Ñuble,Provincia de Diguillín,Chillán,Infantil,,"https://www.facebook.com/osjmcal , https://catastro.foji.cl/orquesta/490/OSIJCAL",Región de Ñuble - Provincia de Diguillín - Chillán,9,42, 
FOJI_A270,ORQUESTA SINFÓNICA INFANTIL DE RANCAGUA,Región del Libertador Gral. Bernando OHiggins,Provincia de Cachapoal,Rancagua,Infantil,, ,"Región del Libertador Gral. Bernando OHiggins - Provincia de Cachapoal - Rancagua , rancagua",13,26, 
FOJI_A271,ORQUESTA SINFÓNICA INFANTIL EDUCACIÓN MUNICIPAL PUERTO MONTT,Región de los Lagos,Provincia de Llanquihue,Puerto Montt,Juvenil - Infantil,,https://www.facebook.com/Orquesta-Infanto-Juvenil-Escuela-Dafne-Zapata-Rozas-Pemuco-1061026200717041/,Región de los Lagos - Provincia de Llanquihue - Puerto Montt, , , 
FOJI_A272,Orquesta Sinfónica Infantil Marista La Pintana,Región Metropolitana,Provincia de Santiago,La Pintana,Infantil,"Cuerdas, Maderas, Bronces", https://www.instagram.com/p/CmpP8EbJEIT/?utm_source=ig_web_copy_link,"Región Metropolitana - Provincia de Santiago - La Pintana , Santiago", , , 
FOJI_A273,ORQUESTA SINFÓNICA INFANTIL-JUVENIL DE CASTRO,Región de los Lagos,Provincia de Chiloé,Castro,Juvenil - Infantil,"Cuerdas, Maderas, Bronces, Percusión"," https://catastro.foji.cl/orquesta/753/academiadeartesislasalsurchiloe , https://catastro.foji.cl/orquesta/753/@islasalsur.academia","Región de los Lagos - Provincia de Chiloé - Castro , CASTRO",8, , 
FOJI_A274,Orquesta Sinfónica Infantil-Juvenil de Yumbel,Región del Biobío,Provincia de Biobío,Yumbel,Juvenil - Infantil,, ,Región del Biobío - Provincia de Biobío - Yumbel,2,19, 
FOJI_A275,Orquesta Sinfónica Infanto-Juvenil del Liceo Bicentenario Domingo Santa María,Región de Arica y Parinacota,Provincia de Arica,Arica,Juvenil - Infantil,, ,Región de Arica y Parinacota - Provincia de Arica - Arica,1,35, 
FOJI_A276,Orquesta Sinfónica Juvenil de Hualpén,Región del Biobío,Provincia de Concepción,Hualpén,Juvenil - Infantil,"Cuerdas, Maderas", ,Región del Biobío - Provincia de Concepción - Hualpén, , , 
FOJI_A277,Orquesta Sinfónica Juvenil de Pudahuel,Región Metropolitana,Provincia de Santiago,Pudahuel,Juvenil - Infantil,, ,"Región Metropolitana - Provincia de Santiago - Pudahuel , Santiago de Chile", , , 
FOJI_A278,ORQUESTA SINFÓNICA JUVENIL DE RANCAGUA,Región del Libertador Gral. Bernando OHiggins,Provincia de Cachapoal,Rancagua,Juvenil,, ,"Región del Libertador Gral. Bernando OHiggins - Provincia de Cachapoal - Rancagua , rancagua",12,49, 
FOJI_A279,Orquesta Sinfónica Juvenil Del Colegio Bicentenario de las Artes Eliseo Videla Jorquera,Región de Coquimbo,Provincia de Limarí,Ovalle,Juvenil,, ,"Región de Coquimbo - Provincia de Limarí - Ovalle , OVALLE",11,56, 
FOJI_A280,Orquesta sinfónica juvenil del liceo 7 de providencia,Región Metropolitana,Provincia de Santiago,Providencia,Juvenil,, ,"Región Metropolitana - Provincia de Santiago - Providencia , Santiago",10,92, 
FOJI_A281,Orquesta Sinfónica Juvenil e Infantil de Molina,Región del Maule,Provincia de Curicó,Molina,Juvenil - Infantil,, ,Región del Maule - Provincia de Curicó - Molina,1,20, 
FOJI_A282,"Orquesta Sinfónica Juvenil Liceo Artístico "" Armando Carrera González""",Región de Antofagasta,Provincia de Antofagasta,Antofagasta,Juvenil,, ,Región de Antofagasta - Provincia de Antofagasta - Antofagasta, , , 
FOJI_A283,Orquesta Sinfónica Juvenil San Nicolás,Región de Ñuble,Provincia de Punilla,San Nicolás,Juvenil,"Cuerdas, Maderas, Bronces, Percusión"," https://www.facebook.com/OrquestaSinfonicaJuvenilSanNicolas , https://www.youtube.com/channel/UCO-n5-kXY2bp-MyHTQ0JbxQ , https://www.instagram.com/orquestajuvenilsannicolas/",Región de Ñuble - Provincia de Punilla - San Nicolás,14,77, 
FOJI_A284,Orquesta Sinfónica Liceo Bicentenario Oscar Castro Zúñiga,Región del Libertador Gral. Bernando OHiggins,Provincia de Cachapoal,Rancagua,Juvenil - Infantil,, ,Región del Libertador Gral. Bernando OHiggins - Provincia de Cachapoal - Rancagua,12,71, 
FOJI_A285,Orquesta Sinfónica Liceo Josefina Aguirre Montenegro,Región de Aisén del Gral. Carlos Ibáñez del Campo,Provincia de Coyhaique,Coihaique,Juvenil,"Cuerdas, Maderas, Bronces, Percusión"," https://www.facebook.com/programa.tocandosuenos.9 , https://catastro.foji.cl/orquesta/681/programatocandosuenos","Región de Aisén del Gral. Carlos Ibáñez del Campo - Provincia de Coyhaique - Coihaique , Coyhaique",8,33, 
FOJI_A286,Orquesta Sinfónica Municipal de la Cisterna,Región Metropolitana,Provincia de Santiago,La Cisterna,Juvenil,"Cuerdas, Maderas, Bronces, Percusión",https://catastro.foji.cl/orquesta/391/@osmcisterna,"Región Metropolitana - Provincia de Santiago - La Cisterna , Santiago",9,36, 
FOJI_A287,Orquesta Sinfónica Municipal Margot Loyola Palacios,Región del Maule,Provincia de Linares,Linares,Juvenil - Infantil,, ,Región del Maule - Provincia de Linares - Linares,9,43, 
FOJI_A288,Orquesta Sinfónica Ricardo Navarrete,Región de Aisén del Gral. Carlos Ibáñez del Campo,Provincia de Coyhaique,Coihaique,Juvenil - Infantil,"Cuerdas, Maderas, Bronces, Percusión","https://www.facebook.com/programa.tocandosuenos.9 , https://catastro.foji.cl/orquesta/684/programatocandosuenos","Región de Aisén del Gral. Carlos Ibáñez del Campo - Provincia de Coyhaique - Coihaique , Coyhaique",7,31, 
FOJI_A289,Orquesta Sinfónico Latinoamericana del Centro Cultural San Francisco,Región de Coquimbo,Provincia de Elqui,La Serena,Juvenil - Infantil,, ,"Región de Coquimbo - Provincia de Elqui - La Serena , la serena",9,28, 
FOJI_A290,Orquesta Universitaria La Serena (Ou),Región de Coquimbo,Provincia de Elqui,La Serena,Juvenil,, ,Región de Coquimbo - Provincia de Elqui - La Serena, ,3, 
FOJI_A291,Orquestas Peñalolén,Región Metropolitana,Provincia de Santiago,Peñalolén,Juvenil - Infantil,"Cuerdas, Maderas", ,"Región Metropolitana - Provincia de Santiago - Peñalolén , Santiago", , , 
FOJI_A292,Orquestra Sinfónica Infantil Liceo Bicentenario Cordillera,Región de Valparaíso,Provincia de San Felipe de Aconcagua,San Felipe,Juvenil - Infantil,, ,Región de Valparaíso - Provincia de San Felipe de Aconcagua - San Felipe,11,27, 
FOJI_A293,OSSAM Sinfónica Juvenil de San miguel,Región Metropolitana,Provincia de Santiago,San Miguel,Juvenil - Infantil,, ,"Región Metropolitana - Provincia de Santiago - San Miguel , santiago",7,42, 
FOJI_A294,Pre Orquesta Liceo De Musica,Región de Atacama,Provincia de Copiapó,Copiapó,Infantil,,https://es-la.facebook.com/AvanzadaCulturalConcon/,Región de Atacama - Provincia de Copiapó - Copiapó, , , 
FOJI_A295,Sociedad Filarmónica de Los Muermos,Región de los Lagos,Provincia de Llanquihue,Los Muermos,Juvenil - Infantil,Cuerdas," https://web.facebook.com/profile.php?id=100091657325035 , https://www.instagram.com/sociedadfilarmonicalosmuermos/",Región de los Lagos - Provincia de Llanquihue - Los Muermos,2,23, 
FOJI_A296,Taller Oquesta de Cámara Liceo Manuel Montt,Región del Maule,Provincia de Linares,San Javier,Juvenil,, ,Región del Maule - Provincia de Linares - San Javier,,5, 
,,,,, ,, , , , , 
,,,,, ,, , , , , 
,,,,, ,, , , , , 
,,,,, ,, , , , , 
,,,,, ,, , , , , 
,,,,, ,, , , , , 
,,,,, ,, , , , , 
,,,,, ,, , , , , 
,,,,, ,, , , , , 
,,,,, ,, , , , , 
